SimTime,Emergency_Vehicles,Emerg_At_Red_Light,Veh_Emerg_Sent,RSU_Emerg_Rx,Core_Emerg_Proc,Avg_TLS_Lat_ms,Avg_VehActionLatency_ms,Veh_Acc_Sent
1,4,0,0,0,0,0,0,0
2,4,0,0,0,0,0,0,0
3,4,0,0,0,0,0,0,0
4,4,0,0,0,0,0,0,2
5,4,0,0,0,0,0,0,0
6,4,0,0,0,0,0,0,0
7,4,0,0,0,0,0,0,0
8,4,0,0,0,0,0,0,0
9,4,0,0,0,0,0,0,0
10,4,0,0,0,0,0,0,0
11,4,0,0,0,0,0,0,0
12,4,0,0,0,0,0,0,0
13,4,0,0,0,0,0,0,2
14,4,0,0,0,0,0,0,0
15,4,0,0,0,0,0,0,0
16,4,0,0,0,0,0,0,0
17,4,0,0,0,0,0,0,0
18,4,0,0,0,0,0,0,0
19,4,0,0,0,0,0,0,0
20,4,0,0,0,0,0,0,0
21,4,0,0,0,0,0,0,0
22,4,0,0,0,0,0,0,0
23,4,0,0,0,0,0,0,0
24,4,0,0,0,0,0,0,0
25,4,0,0,0,0,0,0,0
26,4,0,0,0,0,0,0,0
27,4,0,0,0,0,0,0,0
28,4,0,0,0,0,0,0,0
29,4,0,0,0,0,0,0,0
30,4,0,0,0,0,0,0,0
31,4,0,0,0,0,0,0,0
32,4,0,0,0,0,0,0,0
33,4,0,0,0,0,0,0,0
34,4,0,0,0,0,0,0,0
35,4,0,0,0,0,0,0,0
36,4,0,0,0,0,0,0,2
37,4,0,0,0,0,0,0,0
38,4,0,0,0,0,0,0,0
39,4,0,0,0,0,0,0,0
40,4,0,0,0,0,0,0,0
41,4,0,0,0,0,0,0,0
42,4,0,0,0,0,0,0,0
43,4,0,0,0,0,0,0,0
44,4,0,0,0,0,0,0,0
45,4,0,0,0,0,0,0,0
46,4,0,0,0,0,0,0,0
47,4,0,0,0,0,0,0,0
48,4,0,0,0,0,0,0,0
49,4,0,0,0,0,0,0,0
50,4,0,0,0,0,0,0,0
51,4,0,0,0,0,0,0,0
52,4,0,0,0,0,0,0,0
53,4,0,0,0,0,0,0,0
54,4,0,0,0,0,0,0,0
55,4,0,0,0,0,0,0,0
56,4,0,0,0,0,0,0,0
57,4,0,0,0,0,0,0,0
58,4,0,0,0,0,0,0,0
59,4,0,0,0,0,0,0,0
60,4,0,0,0,0,0,0,0
61,4,0,0,0,0,0,0,0
62,4,0,0,0,0,0,0,0
63,4,0,0,0,0,0,0,0
64,4,0,0,0,0,0,0,0
65,4,0,0,0,0,0,0,0
66,4,0,0,0,0,0,0,0
67,4,0,0,0,0,0,0,0
68,4,0,0,0,0,0,0,0
69,4,0,0,0,0,0,0,0
70,4,0,0,0,0,0,0,0
71,4,0,0,0,0,0,0,0
72,4,0,0,0,0,0,0,0
73,4,0,0,0,0,0,0,0
74,4,0,0,0,0,0,0,0
75,4,0,0,0,0,0,0,0
76,4,0,0,0,0,0,0,0
77,4,0,0,0,0,0,0,0
78,4,0,0,0,0,0,0,0
79,4,0,0,0,0,0,0,0
80,4,0,0,0,0,0,0,0
81,4,0,0,0,0,0,0,0
82,4,0,0,0,0,0,0,0
83,4,0,0,0,0,0,0,0
84,4,0,0,0,0,0,0,0
85,4,0,0,0,0,0,0,0
86,4,0,0,0,0,0,0,0
87,4,0,0,0,0,0,0,0
88,4,0,0,0,0,0,0,0
89,4,0,1,1,0,0,0,0
90,4,0,1,1,0,0,0,0
91,4,0,1,1,0,0,0,0
92,4,0,0,0,0,0,0,0
93,4,0,0,0,0,0,0,0
94,4,0,0,0,0,0,0,0
95,4,0,0,0,0,0,0,0
96,4,0,0,0,0,0,0,0
97,4,0,0,0,0,0,0,0
98,4,0,0,0,0,0,0,0
99,4,0,0,0,0,0,0,0
100,4,0,0,0,0,0,0,0
101,4,0,0,0,0,0,0,0
102,4,0,0,0,0,0,0,0
103,4,0,0,0,0,0,0,0
104,4,0,0,0,0,0,0,0
105,4,0,0,0,0,0,0,0
106,4,0,1,1,0,0,0,0
107,4,0,1,1,0,0,0,0
108,4,0,3,3,0,0,0,0
109,4,0,3,3,0,0,0,0
110,4,0,3,3,1,190,0,0
111,4,0,2,2,0,0,0,0
112,4,0,2,2,0,0,0,0
113,4,0,2,2,0,0,0,0
114,4,0,2,2,2,190,0,0
115,4,0,2,2,0,0,0,0
116,4,0,2,2,0,0,0,0
117,4,0,2,2,0,0,0,0
118,4,0,2,2,0,0,0,0
119,4,0,2,2,0,0,0,0
120,4,0,2,2,0,0,0,0
121,4,0,2,2,1,190,0,0
122,4,0,1,1,0,0,0,0
123,4,0,1,1,0,0,0,0
124,4,0,1,1,0,0,0,0
125,4,0,1,1,0,0,0,0
126,4,0,1,1,0,0,0,0
127,4,0,1,1,0,0,0,0
128,4,0,1,1,0,0,0,0
129,4,0,1,1,0,0,0,0
130,4,0,1,1,0,0,0,0
131,4,0,1,1,0,0,0,0
132,4,0,1,1,0,0,0,0
133,4,0,1,1,0,0,0,0
134,4,0,1,1,0,0,0,0
135,4,0,1,1,0,0,0,0
136,4,1,1,1,0,0,0,0
137,4,0,2,2,1,190,0,0
138,4,0,1,1,0,0,0,0
139,4,0,1,1,0,0,0,0
140,4,0,1,1,0,0,0,0
141,4,0,1,1,0,0,0,0
142,4,0,1,1,0,0,0,0
143,4,0,1,1,0,0,0,0
144,4,0,1,1,1,190,0,0
145,4,0,0,0,0,0,0,0
146,4,0,0,0,0,0,0,0
147,4,0,0,0,0,0,0,0
148,4,0,0,0,0,0,0,0
149,4,0,0,0,0,0,0,0
150,4,0,1,1,0,0,0,0
151,4,0,1,1,1,190,0,0
152,4,0,0,0,0,0,0,0
153,4,0,0,0,0,0,0,0
154,4,0,0,0,0,0,0,0
155,4,0,0,0,0,0,0,0
156,4,0,0,0,0,0,0,0
157,4,0,0,0,0,0,0,0
158,4,0,0,0,0,0,0,0
159,4,0,0,0,0,0,0,0
160,4,0,0,0,0,0,0,0
161,4,0,0,0,0,0,0,0
162,4,0,0,0,0,0,0,0
163,4,0,0,0,0,0,0,0
164,4,0,0,0,0,0,0,0
165,4,0,0,0,0,0,0,0
166,4,0,0,0,0,0,0,0
167,4,0,0,0,0,0,0,0
168,4,0,0,0,0,0,0,0
169,4,0,0,0,0,0,0,0
170,4,0,0,0,0,0,0,0
171,4,0,0,0,0,0,0,0
172,4,0,0,0,0,0,0,0
173,4,0,0,0,0,0,0,0
174,4,0,0,0,0,0,0,0
175,4,0,0,0,0,0,0,0
176,4,0,0,0,0,0,0,0
177,4,0,0,0,0,0,0,0
178,4,0,0,0,0,0,0,0
179,4,0,1,1,0,0,0,0
180,4,0,1,1,1,190,0,0
181,3,0,0,0,0,0,0,0
182,3,0,0,0,0,0,0,0
183,3,0,0,0,0,0,0,0
184,3,0,0,0,0,0,0,0
185,3,0,0,0,0,0,0,0
186,3,0,0,0,0,0,0,0
187,3,0,0,0,0,0,0,0
188,3,0,0,0,0,0,0,0
189,3,0,0,0,0,0,0,0
190,3,0,0,0,0,0,0,0
191,3,0,0,0,0,0,0,0
192,3,0,0,0,0,0,0,0
193,3,0,0,0,0,0,0,0
194,3,0,0,0,0,0,0,0
195,3,0,0,0,0,0,0,0
196,3,0,0,0,0,0,0,0
197,3,0,0,0,0,0,0,0
198,3,0,0,0,0,0,0,0
199,3,0,0,0,0,0,0,0
200,3,0,0,0,0,0,0,0
