SimTime,Total_Vehicles,Avg_Net_Speed_mps,Veh_At_Red_light,Emerg_At_Red_Light,Veh_Receiving_V2V,Veh_Receiving_RSU,Veh_Receiving_Strat,Veh_ReactingV2V,Veh_Reacting_RSUStrat,Veh_ReactingRSU
1,27,0,0,0,0,0,0,0,0,0
2,27,2.24865,0,0,0,0,0,0,0,0
3,29,3.94734,0,0,0,0,0,0,0,0
4,30,0.621385,0,0,2,1,1,0,0,0
5,30,0.578137,0,0,0,0,0,0,0,0
6,30,0.576804,0,0,0,0,0,0,0,0
7,31,0.556907,0,0,0,0,0,0,0,0
8,31,0.63664,0,0,0,0,0,0,0,0
9,31,0.702018,0,0,0,0,0,0,0,0
10,32,0.538205,0,0,0,0,0,0,0,0
11,32,0.471703,0,0,0,0,0,0,0,0
12,32,0.517081,0,0,0,0,0,0,0,0
13,32,0.300417,0,0,1,2,1,0,0,0
14,32,0.299479,0,0,0,0,0,0,0,0
15,32,0.298854,0,0,0,0,0,0,0,0
16,32,0.298229,0,0,0,0,0,0,0,0
17,32,0.297604,0,0,0,0,0,0,0,0
18,32,0.296979,0,0,0,0,0,0,0,0
19,32,0.296354,0,0,0,0,0,0,0,0
20,32,0.295729,0,0,0,0,0,0,0,0
21,32,0.295104,0,0,0,0,0,0,0,0
22,32,0.111247,0,0,0,0,0,0,0,0
23,32,0.110935,0,0,0,0,0,0,0,0
24,32,0.110622,0,0,0,0,0,0,0,0
25,32,0.11031,0,0,0,0,0,0,0,0
26,32,0.109997,0,0,0,0,0,0,0,0
27,32,0.109685,0,0,0,0,0,0,0,0
28,32,0.109372,0,0,0,0,0,0,0,0
29,32,0.10906,0,0,0,0,0,0,0,0
30,32,0.108747,0,0,0,0,0,0,0,0
31,32,0.108435,0,0,0,0,0,0,0,0
32,32,0.108122,0,0,0,0,0,0,0,0
33,32,0.10781,0,0,0,0,0,0,0,0
34,32,1.51562,0,0,0,0,0,0,0,0
35,33,2.78347,0,0,0,0,0,0,0,0
36,33,3.97688,0,0,1,1,2,0,0,0
37,34,4.89783,0,0,0,0,0,0,0,0
38,34,5.86111,0,0,0,0,0,0,0,0
39,34,6.1994,0,0,0,0,0,0,0,0
40,34,6.17871,0,0,0,0,0,0,0,0
41,34,6.51281,0,0,0,0,0,0,0,0
42,34,6.85042,0,0,0,0,0,0,0,0
43,34,6.94284,0,0,0,0,0,0,0,0
44,34,7.05221,0,0,0,0,0,0,0,0
45,34,7.31105,0,0,0,0,0,0,0,0
46,34,7.52164,0,0,0,0,0,0,0,0
47,35,7.07279,0,0,0,0,0,0,0,0
48,35,7.06808,0,0,0,0,0,0,0,0
49,35,7.34662,0,0,0,0,0,0,0,0
50,34,7.49057,0,0,0,0,0,0,0,0
51,34,7.82434,0,0,0,0,0,0,0,0
52,34,8.2407,100,0,0,0,0,0,0,0
53,34,8.22918,100,0,0,0,0,0,0,0
54,34,5.39473,100,0,0,0,0,0,0,0
55,34,3.1214,100,0,0,0,0,0,0,0
56,34,1.71613,200,0,0,0,0,0,0,0
57,34,1.2072,200,0,0,0,0,0,0,0
58,34,1.01883,200,0,0,0,0,0,0,0
59,34,1.15515,200,0,0,0,0,0,0,0
60,34,1.09109,300,0,0,0,0,0,0,0
61,34,1.00795,300,0,0,0,0,0,0,0
62,34,0.924734,300,0,0,0,0,0,0,0
63,34,0.660028,300,0,0,0,0,0,0,0
64,34,0.395322,300,0,0,0,0,0,0,0
65,34,0.23624,300,0,0,0,0,0,0,0
66,34,0.103887,300,0,0,0,0,0,0,0
67,34,0,300,0,0,0,0,0,0,0
68,34,0.0419495,300,0,0,0,0,0,0,0
69,34,0.10753,300,0,0,0,0,0,0,0
70,34,0.215913,300,0,0,0,0,0,0,0
71,34,0.326207,300,0,0,0,0,0,0,0
72,34,0.429154,300,0,0,0,0,0,0,0
73,34,0.512955,300,0,0,0,0,0,0,0
74,34,0.630107,300,0,0,0,0,0,0,0
75,34,0.734682,300,0,0,0,0,0,0,0
76,34,0.656821,300,0,0,0,0,0,0,0
77,34,0.548274,300,0,0,0,0,0,0,0
78,34,0.626184,300,0,0,0,0,0,0,0
79,34,0.635502,300,0,0,0,0,0,0,0
80,34,0.732478,300,0,0,0,0,0,0,0
81,34,0.701884,300,0,0,0,0,0,0,0
82,34,0.781887,300,0,0,0,0,0,0,0
83,34,0.895877,300,0,0,0,0,0,0,0
84,34,2.23621,201,0,0,0,0,0,0,0
85,34,3.40665,200,0,0,0,0,0,0,0
86,34,4.65007,200,0,0,0,0,0,0,0
87,34,5.65032,200,0,0,0,0,0,0,0
88,34,6.40443,200,0,0,0,0,0,0,0
89,34,6.74967,200,0,0,0,0,0,0,0
90,34,6.20618,200,0,0,0,0,0,0,0
91,34,6.28142,3,0,0,0,0,0,0,0
92,34,6.55284,0,0,0,0,0,0,0,0
93,34,6.77522,0,0,0,0,0,0,0,0
94,34,6.89397,0,0,0,0,0,0,0,0
95,34,7.41883,0,0,0,0,0,0,0,0
96,34,7.72516,0,0,0,0,0,0,0,0
97,34,7.96596,0,0,0,0,0,0,0,0
98,34,8.37579,0,0,0,0,0,0,0,0
99,34,8.8784,100,0,0,0,0,0,0,0
100,34,9.05155,100,0,0,0,0,0,0,0
101,34,9.36554,200,0,0,0,0,0,0,0
102,34,8.89083,200,0,0,0,0,0,0,0
103,34,8.43175,200,0,0,0,0,0,0,0
104,34,8.054,200,0,0,0,0,0,0,0
105,34,7.70521,300,0,0,0,0,0,0,0
106,33,7.22954,300,0,0,0,0,0,0,0
107,33,7.01542,300,0,0,0,0,0,0,0
108,33,6.63624,300,0,0,0,0,0,0,0
109,33,6.3807,400,0,0,0,0,0,0,0
110,33,5.92154,400,0,0,0,0,0,0,0
111,33,5.59879,500,0,0,0,0,0,0,0
112,33,5.44283,500,0,0,0,0,0,0,0
113,33,5.3303,401,0,0,0,0,0,0,0
114,33,5.51677,420,0,0,0,0,0,0,0
115,33,5.36864,400,0,0,0,0,0,0,0
116,33,5.14729,400,0,0,0,0,0,0,0
117,32,4.41986,400,0,0,0,0,0,0,0
118,32,4.31495,500,0,0,0,0,0,0,0
119,32,4.47837,500,0,0,0,0,0,0,0
120,32,4.71977,600,0,0,0,0,0,0,0
121,32,5.11155,501,0,0,0,0,0,0,0
122,32,5.52083,500,0,0,0,0,0,0,0
123,32,6.02403,500,0,0,0,0,0,0,0
124,32,6.14293,600,0,0,0,0,0,0,0
125,32,6.21698,600,0,0,0,0,0,0,0
126,32,6.26676,600,0,0,0,0,0,0,0
127,32,6.45926,700,0,0,0,0,0,0,0
128,31,6.5868,700,0,0,0,0,0,0,0
129,31,6.55454,700,0,0,0,0,0,0,0
130,30,5.95202,403,0,0,0,0,0,0,0
131,30,5.98229,400,0,0,0,0,0,0,0
132,30,5.92318,500,0,0,0,0,0,0,0
133,30,6.04824,600,0,0,0,0,0,0,0
134,28,5.21064,600,0,0,0,0,0,0,0
135,28,5.24193,600,0,0,0,0,0,0,0
136,27,4.73628,106,1,0,0,0,0,0,0
137,27,4.7019,100,0,0,0,0,0,0,0
138,27,4.76227,100,0,0,0,0,0,0,0
139,27,5.20994,100,0,0,0,0,0,0,0
140,27,5.73297,100,0,0,0,0,0,0,0
141,27,6.04559,100,0,0,0,0,0,0,0
142,27,6.35207,200,0,0,0,0,0,0,0
143,26,6.00678,200,0,0,0,0,0,0,0
144,25,5.25893,300,0,0,0,0,0,0,0
145,25,5.01635,300,0,0,0,0,0,0,0
146,25,4.98195,400,0,0,0,0,0,0,0
147,25,5.03033,400,0,0,0,0,0,0,0
148,25,5.34656,400,0,0,0,0,0,0,0
149,24,5.05604,500,0,0,0,0,0,0,0
150,24,4.88523,500,0,0,0,0,0,0,0
151,24,4.62573,500,0,0,0,0,0,0,0
152,24,4.51701,600,0,0,0,0,0,0,0
153,24,4.34383,600,0,0,0,0,0,0,0
154,24,4.48951,600,0,0,0,0,0,0,0
155,24,4.60476,600,0,0,0,0,0,0,0
156,24,4.36556,600,0,0,0,0,0,0,0
157,24,3.66577,700,0,0,0,0,0,0,0
158,24,3.19115,601,0,0,0,0,0,0,0
159,24,2.79617,700,0,0,0,0,0,0,0
160,24,2.67356,700,0,0,0,0,0,0,0
161,24,2.9242,700,0,0,0,0,0,0,0
162,24,3.07089,700,0,0,0,0,0,0,0
163,24,2.79359,700,0,0,0,0,0,0,0
164,24,2.47871,700,0,0,0,0,0,0,0
165,24,2.23969,700,0,0,0,0,0,0,0
166,24,2.03537,800,0,0,0,0,0,0,0
167,24,1.74584,701,0,0,0,0,0,0,0
168,24,1.54697,800,0,0,0,0,0,0,0
169,24,1.60351,800,0,0,0,0,0,0,0
170,24,1.77414,800,0,0,0,0,0,0,0
171,24,1.92589,800,0,0,0,0,0,0,0
172,24,2.1643,1000,0,0,0,0,0,0,0
173,24,2.26382,1000,0,0,0,0,0,0,0
174,24,2.32892,1000,0,0,0,0,0,0,0
175,23,2.00988,1000,0,0,0,0,0,0,0
176,23,2.05925,703,0,0,0,0,0,0,0
177,23,2.16933,700,0,0,0,0,0,0,0
178,23,2.54577,700,0,0,0,0,0,0,0
179,23,2.93502,700,0,0,0,0,0,0,0
180,23,3.52728,700,0,0,0,0,0,0,0
181,22,3.76618,304,0,0,0,0,0,0,0
182,22,4.28991,300,0,0,0,0,0,0,0
183,22,4.97166,300,0,0,0,0,0,0,0
184,22,5.2244,300,0,0,0,0,0,0,0
185,22,5.38448,201,0,0,0,0,0,0,0
186,22,5.27433,200,0,0,0,0,0,0,0
187,22,4.92898,200,0,0,0,0,0,0,0
188,22,4.95397,200,0,0,0,0,0,0,0
189,22,5.24991,200,0,0,0,0,0,0,0
190,22,5.30256,200,0,0,0,0,0,0,0
191,22,5.21202,200,0,0,0,0,0,0,0
192,22,5.46386,200,0,0,0,0,0,0,0
193,22,5.39732,200,0,0,0,0,0,0,0
194,22,4.73234,300,0,0,0,0,0,0,0
195,22,4.30601,400,0,0,0,0,0,0,0
196,22,4.08818,301,0,0,0,0,0,0,0
197,22,3.93344,300,0,0,0,0,0,0,0
198,22,3.64427,400,0,0,0,0,0,0,0
199,22,3.31031,400,0,0,0,0,0,0,0
200,22,3.21218,500,0,0,0,0,0,0,0
